RecipeId,Name,CookTime,PrepTime,TotalTime,RecipeIngredientParts,Calories,FatContent,SaturatedFatContent,CholesterolContent,SodiumContent,CarbohydrateContent,FiberContent,SugarContent,ProteinContent,RecipeInstructions
5037,Roti,0,0,0,"c(""flour"", ""baking powder"", ""salt"")",228.1,0.6,0.1,0.0,237.4,48.0,1.7,0.2,6.5,"c(""Sift flour, baking powder and salt together; add water  to make a soft dough."", ""Knead well; cover and leave for 1/2  hour."", ""Divide dough into 4 portions, form into balls."", ""Roll out  dough to thin thicknesses on floured board."", ""Apply shortening  or oil to the surface of dough."", ""Fold up each dough and set  aside. Heat large skillet or griddle; wipe with grease. Roll  out dough again on floured board until thin thickness and place  on hot griddle or in skillet, turning frequently from side to  side and rubbing surface of dough with oil or shortening."", 
""Cook  over medium heat until dough has a lightly brown color."", ""Put  into a towel and press to give a leafy effect."")"
7760,Grilled Salmon,0,0,10,"c(""salmon steaks"", ""olive oil"", ""garlic"", ""parsley"", ""dried dill weed"", ""salt"", ""butter"", ""margarine"")",665.8,47.5,12.8,130.3,708.3,14.0,1.0,1.2,43.6,"c(""Place salmon on well-greased broiler pan."", ""Combine and blend oil, garlic, parsley, dill weed and salt in blender."", ""Stir in bread crumbs and set aside."", ""Brush steaks with butter."", ""Broil about 4 inches from heat 8 minutes or until fish flakes easily when tested with fork."", ""Spread about 2 tablespoons garlic mixture on each salmon steak."", ""Return to broiler and broil 1 or 2 minutes or until lightly browned."")"
8988,Butter Chicken,20,15,35,"c(""chicken"", ""tandoori masala"", ""garam masala"", ""lime juice"", ""cumin powder"", ""yoghurt"", ""salt"", ""tomatoes"", ""onions"", ""cashew nuts paste"", ""butter"", ""chili powder"")",308.1,21.7,7.6,99.4,108.0,5.2,0.9,2.5,22.5,"c(""Marinate the chicken in the marinade for 1 whole hour."", ""Heat oil in a non stick pan and fry the chicken for 10 minutes."", ""Remove the chicken and keep aside."", ""In the remaining oil fry the chopped onions till golden, then add the ginger-garlic paste and fry sprinkling little water now and then till oil separates."", ""Add the cashew paste, chilli pd, tomato paste and cook for 10 minutes."", ""Add the butter and the cream and the chicken."", ""Mix well and cook till done."", ""Garnish with cilantro.""
)"
16332,Naan,10,45,55,"c(""dried yeast"", ""water"", ""sugar"", ""yogurt"", ""egg"", ""ghee"", ""butter"", ""salt"", ""flour"", ""butter"", ""poppy seeds"", ""cumin"")",317.3,12.3,7.2,55.6,335.8,44.1,1.7,2.1,7.2,"c(""In a small warm bowl (not hot) pour in the 1/4 cup water and sprinkle on the yeast."", ""Add 1 tsp sugar and stir, leave in a warm place for 10 minutes or until it starts to froth (if it does not froth your yeast is not working and start over check expiry date of the yeast)"", ""Stir yogurt until smooth and mix in the remaining 2 tbsp sugar, 1/2 cup water,egg, melted ghee and salt."", ""Stir in the yeast mixture."", ""In another bowl put in 2 cups flour, make a well in the center and pour in liquid (Use mixer with dough hook) mix until you have a smooth dough."", 
""Slowly add remaining flour until you have a stiff dough, use dough hook and knead for 7-8 minutes or knead by hand for 10-12 minutes until the dough is elastic& smooth."", ""Form dough into a ball and place in a greased warm bowl, turn the dough over so the top is greased too, cover with a damp tea towel and keep in a warm place (I usually put it in the oven with my oven light on)."", ""When it has doubled in size punch down, divide into 8 balls and let it rest for 10 minutes."", ""Pat dough into circles making them thinner in the centre and thicker around the rim."", 
""Pull one end outwards making a teardrop shape or pull both ends outward making an oblong shape."", ""They should be about 8\"" long and about 3-4\"" wide."", ""Brush with melted ghee (butter)"", ""Bake in 450f oven for about 10 minutes or until golden and puffed."")"
22525,Butter Chicken,45,15,60,"c(""butter"", ""onion"", ""cinnamon"", ""garlic"", ""fresh ginger"", ""turmeric"", ""coriander powder"", ""chicken"", ""whole tomatoes"", ""tomato paste"")",433.9,31.7,11.8,120.6,226.2,10.7,2.7,5.3,27.1,"c(""In a large pan, heat the butter until it is frothy."", ""Add the onions and the cinnamon to the pan and fry lightly."", ""When the onions are soft, stir in the garlic and ginger, then add the turmeric, chilli and coriander, and saute over a medium heat."", ""Add the chicken and saute stirring constantly until the chicken meat turns white."", ""Add the ground almonds, tomatoes and tomato paste."", ""Mix thoroughly, cover and simmer for 20-30 minutes."", ""Add the yoghurt and heat through gently before serving.""
)"
24951,Margherita Pizza,20,25,45,"c(""cornmeal"", ""olive oil"", ""garlic"", ""mozzarella cheese"", ""fresh parmesan cheese"", ""Italian plum tomatoes"", ""fresh basil"")",39.2,2.7,1.4,7.7,72.9,1.2,0.3,0.6,2.5,"c(""Place oven rack in lowest position."", ""heat oven to 425°F."", ""Spray 15x10x1 inch baking pan with nonstick cooking spray and sprinkle with cornmeal."", ""Unroll dough; place in the cornmeal coated pan."", ""Starting at center press dough out with hands to edge of pan."", ""Brush dough with oil; sprinkle evenly with garlic."", ""Place crust in oven on lowest rack; Bake at 425°F for 6 to 8 minutes or until set and dry."", ""Remove crust from oven."", ""Sprinkle with mozzarella and parmesan cheeses over the partially baked crust."", 
""Arrange tomato slices over cheese."", ""Sprinkle with half of the basil."", ""Return pizza to oven on lowest rack; bake an additional 12 to 17 minutes or until crust is deep golden brown."", ""Sprinkle remaining half of basil over pizza."", ""Cut into 20 squares."", ""Serve warm."")"
25080,Chocolate Cake,40,5,45,"c(""eggs"", ""sugar"", ""flour"", ""salt"", ""baking soda"", ""margarine"", ""buttermilk"", ""boiling water"", ""coffee"", ""vanilla"")",278.8,7.6,1.7,37.9,426.5,47.9,1.1,27.6,4.8,"c(""Measure all ingredients into mixing bowl."", ""Blend with electric mixer, beginning on low setting, and increasing speed until batter is of smooth consistency."", ""Pour into greased and floured cake pan (s) (1 9x13 or 3 small layer)."", ""Bake at 350 degrees until toothpick tests clean."", ""Frost with your favorite frosting when cool."")"
37463,Butter Chicken,30,10,40,"c(""chicken"", ""canned tomatoes"", ""onions"", ""plain low-fat yogurt"", ""ghee"", ""fresh cilantro"", ""bay leaves"", ""cinnamon stick"", ""cloves"", ""green cardamom pods"", ""ginger"", ""garlic"", ""chili powder"", ""garam masala"", ""salt"")",362.2,25.3,7.8,89.1,672.4,11.1,2.4,6.1,23.4,"c(""Put the yogurt, almonds, dry spices, ginger, garlic, tomatoes and salt into a mixing bowl and blend together thoroughly."", ""Put the chicken into a large mixing bowl and pour the yogurt mixture over it."", ""Set aside."", ""Melt together the ghee and oil in a medium-sized wok or deep round-bottomed skillet."", ""Add the onions and stir-fry for about 3 minutes."", ""Add the chicken mixture and stir-fry for 7-10 minutes."", ""Stir in about half the cilantro and mix well."", ""Bring to a boil, then reduce heat and simmer until desired consistency is reached."", 
""Remove bay leaves and cinnamon stick."", ""Serve garnished with remaining cilantro."")"
39775,Spaghetti,10,15,25,"c(""olive oil"", ""onion"", ""garlic"", ""bell pepper"", ""salt"", ""tomato paste"", ""water"", ""basil"", ""oregano"", ""sugar"", ""stewed tomatoes"", ""spaghetti"")",443.8,15.8,2.2,0.0,932.1,65.8,5.1,10.7,11.5,"c(""Brown the onion, bell pepper, garlic& meat in olive oil in pressure cooker."", ""If a lot of grease, drain."", ""Mix the rest of the ingredients."", ""Cook for 5 minutes in pressure cooker."", ""Cool at once."", ""Boil spaghetti with 1 T."", ""olive oil& salt."", ""Serve meat over spaghetti."")"
50175,Risotto alla Milanese,30,15,45,"c(""garlic"", ""fresh parsley"", ""lemon, zest of"", ""saffron strand"", ""butter"", ""onion"", ""arborio rice"", ""dry white wine"", ""parmesan cheese"")",372.0,6.2,3.8,15.3,47.4,65.0,2.8,2.0,5.5,"c(""Mix together the garlic, parsley, and lemon zest in a bowl."", ""Set aside."", ""Put the saffron in a small bowl with 1 tbsp boiling water and let stand while saffron is infused."", ""Melt the butter in a heavy frying pan, and gently cook the onion until soft and golden, about 5 minutes."", ""Stir in the rice and cook for about 2 minutes, until it becomes translucent."", ""Add the wine and saffron mixture and cook for several minutes until all the wine is absorbed."", ""Added 2 1/2 cups of the stock to the pan, and simmer gently until the stock is absorbed."", 
""Stir frequently."", ""Gradually add more stock, a ladle at a time, until the rice is tender."", ""(The rice may be tender and creamy before you've added all the stock, so add it slowly toward the end of the cooking time.) Season the risotto with the salt and pepper and transfer to a serving dish."", ""Sprinkly lavishly with shavings of Parmesan cheese and the garlic and parsley mixture."")"
65107,Polenta,35,5,40,"c(""hot water"", ""salt"", ""polenta"")",165.6,1.6,0.2,0.0,23.1,35.2,3.3,0.3,3.7,"c(""Gradually add the polenta to the lightly salted, hot water by allowing it to fall from your hand from above the pot like sand through your fingers."", ""If the water is not boiling, you will be able to stir in all the polenta without lumps forming."", ""As the temperature rises, the flour will integrate with the water and thicken."", ""Stir all the time, and if you have used too much of the flour and the mixture is too thick, add a little water."", ""I taste for salt and perhaps add a little parmesan cheese."", 
""When the polenta is smooth and does not taste of raw maize, it is ready."", ""You can use this sloppy polenta with anything that has been braising for a while."", ""Alternatively, pour the polenta into a flat baking dish where it will cool and become firm."", ""At that point, it can be grilled or oven baked for 20 minutes."", ""As a grilled slice, polenta can be used as a base for eggplant slices, goats cheese, rocket, prosciutto and so on."", ""For me, grilled polenta is good with either baked or fried fish and lumps of parmesan cheese."", 
""Baked polenta can be dressed with cheese, roasted capsicum and fine pancetta."", ""After you have poured the polenta into a tray, some will remain stuck to the sides of the pot."", ""Let it dry even for a day, and peel these skins off."", ""They are delicious with parmesan cheese."")"
81295,Chocolate Cake,60,10,70,"c(""self raising flour"", ""sugar"", ""chocolate"", ""butter"", ""vanilla"", ""milk"", ""eggs"")",181.4,5.0,2.8,48.1,43.1,31.1,0.6,20.1,3.1,"c(""Pre heat your oven to 350 degrees C."", ""Grease and flour a block cake tin."", ""Put all ingredients except butter or butter substitue into an electric mixing bowl."", ""Then add the soften butter or butter substitue."", ""Beat all the ingredients well for 4 minutes."", ""This will be a rather soft cake mixture."", ""Bake in a good moderate oven, 350 degrees C."", ""on the middle shelf of your oven for 1 hour or until the cake starts to come away from the sides of the cake tin."", ""Do not over cook."")"
89078,Naan,11,30,41,"c(""active dry yeast"", ""milk"", ""sugar"", ""all-purpose flour"", ""baking powder"", ""salt"", ""milk"", ""plain yogurt"", ""egg"", ""ghee"", ""fresh cilantro"")",345.6,7.0,3.8,47.1,256.5,58.9,2.2,2.5,10.6,"c(""Mix the yeast, warm milk, and sugar and set aside for about 5 minutes, until frothy."", ""Sift together the flour, baking powder and salt."", ""Make a well in the middle."", ""Mix together the yeast mixture, milk, yogurt, egg, and ghee."", ""Fold it into the flour."", ""Knead dough well, about 10 minutes."", ""Tightly cover the bowl and keep in a warm place until the dough doubles in size."", ""Pre-heat oven to 400 degrees F."", ""If using a baking stone, preheat stone for 30 min."", ""Roll out the dough onto a floured surface."", 
""Make each naan about 10 inches long and about 6 inches wide, slipper shaped."", ""Sprinkle with the onion seeds and cilantro."", ""Bake on the stone (or on greased baking sheets) for about 10 to 12 minutes."")"
93032,Chocolate Cake,40,15,55,"c(""sugar"", ""eggs"", ""vanilla"", ""flour"", ""baking powder"", ""baking soda"", ""salt"", ""boiling water"")",337.1,13.6,1.9,31.0,476.9,49.2,1.6,25.1,4.8,"c(""Beat sugar, oil, eggs and vanilla for 4 minutes."", ""Sift together dry ingredients."", ""MIx dry ingredients and boiling water into egg mixture alternately, one-third at a time."", ""Pour in floured 13 by 9-inch oan."", ""Bake at 350 degrees for 40 minutes until springs back to touch."")"
100327,Naan,95,25,120,"c(""warm water"", ""active dry yeast"", ""all-purpose flour"", ""salt"")",702.0,2.3,0.3,0.0,1751.5,145.6,6.7,0.5,21.8,"c(""In a large bowl, dissolve the water and yeast (make sure water isn't too hot (it'll kill the yeast) or too cold (it won't activate it))."", ""Add 3 cups of the flour, a cup at a time."", ""Stir, using a wooden spoon, in one direction for 1 minute."", ""Sprinkle mixture with salt."", ""Add remaining flour, a cup at a time, stirring after each addition."", ""Stop adding flour after the dough is stiff (you might not want to use it all)."", ""Turn the dough out onto a lightly floured surface."", ""Knead the dough until it is smooth and easy to handle (10 minutes of vigorous kneading)."", 
""Shape the dough into a ball and put in a well-oiled bowl."", ""Cover with a moist towel and let rise in a warm place until double in bulk (about 1 1/2 hours)."", ""Place baking stone in center of oven."", ""Preheat oven to 500 degrees F."", ""Deflate dough and divide into 4 equal pieces."", ""Flatten each piece into an 8 x 6-inch oval."", ""Let rest for 10 minutes."", ""Wet fingers with water and\""dimple\"" the bread by pressing your fingertips into the dough and stretching the dough."", ""You want it to be really thin."", 
""Holes are OK."", ""Transfer bread to baking stone."", ""Bake until bread is golden on top and brown and crusty on the bottom."", ""(5 minutes or so)."", ""Repeat with remaining dough."", ""Naan is best eaten the same day its made."")"
112304,Paneer Butter Masala,30,10,40,"c(""panir"", ""bay leaf"", ""cinnamon stick"", ""cloves"", ""cardamom"", ""chili powder"", ""turmeric"", ""salt"", ""garam masala"", ""tomato puree"", ""butter"", ""kasuri methi"", ""onion"", ""garlic cloves"", ""fresh ginger"", ""sugar"")",73.7,6.0,3.7,16.7,54.8,5.0,0.8,2.3,0.8,"c(""Grind the chopped onions, garlic & ginger into a coarse paste. Keep it aside."", ""Heat 1/2 tbsp butter in a heavy bottom pan."", ""Add cinnamon, cloves, bay leaf and cardamom."", ""Fry 4 seconds."", ""Now add  the paste (onion, ginger, garlic coarse paste with less or no water)."", ""Fry it till golden brown."", ""Add all the dry powders, sugar, tomato puree; fry for 2 minutes."", ""Now add 2 cups water,reduce heat to low let the gravy simmer for 8 minutes."", ""Now mix in cream, rest of the butter, kasuri methi & paneer."", 
""Also the salt as per taste."", ""Cook till paneer is soft."", ""Serve hot garnished with chopped coriander."", ""One can substitute milk for cream if diet conscious."")"
115954,Grilled Salmon,10,70,80,"c(""salmon steaks"", ""salmon fillets"", ""lemon juice"", ""garlic cloves"", ""salt"", ""olive oil"", ""pepper"")",449.6,33.0,6.6,93.5,682.4,1.6,0.2,0.2,34.9,"c(""Mix all marinade ingredients and pour over salmon. Marinate for 1 hour. Place fillets over medium hot coals."", ""Grill for 3 to 4 minutes on each side."")"
124197,Grilled Salmon,50,10,60,"c(""salmon fillets"", ""lemon juice"", ""green onions"", ""fresh parsley"", ""dried rosemary"", ""salt"", ""pepper"")",435.6,32.8,5.0,82.7,401.5,2.7,0.6,0.7,32.1,"""Place salmon in a dish; combine remaining ingredients and reserve 1/4 cup. Pour the rest over the salmon. Cover and refrigerate for 30 minutes. Drain; discard marinade. Grill over medium heat skin side down for 15-20 minutes basting with reserved marinade."""
128908,Chicken Tandoori,35,20,55,"c(""skinless chicken breasts"", ""plain low-fat yogurt"", ""fresh lemon juice"", ""garlic cloves"", ""fresh ginger"", ""ground coriander"", ""ground cumin"", ""paprika"", ""cayenne pepper"", ""whole cumin seeds"", ""caraway seed"", ""margarine"", ""lettuce leaf"", ""green chili"", ""lime wedge"", ""radish"")",196.1,7.5,1.6,69.4,154.8,2.4,0.3,1.2,28.4,"c(""Lightly score breasts."", ""In a small bowl, combine yogurt, lemon juice, garlic, ginger, coriander, cumin, paprika, cayenne pepper and whole cumin or caraway- Blend thoroughly."", ""Using a pastry brush, brush generously over breasts."", ""Cover and refrigerate 12 hours or overnight."", ""Place breasts on a non-stick sprayed shallow baking pan and drizzle with melted margarine."", ""Bake at 500 degrees for 8 to 10 minutes then at 350 degrees until breasts are done, about 20 to 25 minutes."", ""Arrange breasts on lettuce leaves and garlish with chilies, lime wedges and radishes.""
)"
130598,Roti,20,5,25,"c(""whole wheat flour"", ""plain flour"", ""baking powder"", ""salt"", ""butter"", ""ghee"", ""milk"", ""eggs"")",325.8,17.3,10.2,93.8,297.6,36.4,3.7,0.3,7.8,"c(""In a large bowl, combine the flours, salt and baking powder, then add 100g of the butter or ghee and with your hands, rub this through the flour. Mix together the milk and eggs then gently combine this mixture with the flour. Knead the dough together lightly."", ""Transfer to an oiled plastic bag and set aside for at least 30 minutes (the dough can be kept in the refrigerator overnight).Divide the dough into 8 portions and roll each out to a 20cm flatbread. Melt the remaining 50g of butter or ghee."", 
""Heat a frying pan until medium-hot. Brush each roti with a little butter or ghee and cook, 1 at a time for 2 minutes, turning frequently, until speckled brown and firm. Keep the cooked roti covered with tinfoil in a warm oven until all are cooked."")"
138076,Polenta,20,10,30,"c(""chicken broth"", ""water"", ""cornmeal"")",101.6,1.2,0.2,0.0,201.1,19.8,1.9,0.3,3.3,"c(""In a 3-quart saucepan, heat broth and water to boiling; slowly stir in the cornmeal, 1/4 cup at a time."", ""Bring mixture to boiling; reduce heat to very low. Cover and cook for 20 minutes, stirring often."", ""Stir in the cheese."", ""Dump on a greased plate, let harden."", ""Slice and top with whatever you like."", ""I fry hot Italian sausage, a small head of cabbage (chopped), add to the sausage pan after removing the sausage."", ""Cook the cabbage until tender."", ""Add a can (15oz.) Hunt’s tomato sauce (lasagna style) and a 14 oz. jar of pasta sauce, put the sausage back in the pan and simmer for 20 minutes. Pour this over slices of polenta.""
)"
148422,Polenta,5,8,13,"c(""water"", ""salt"", ""butter"", ""pepper"", ""parmesan cheese"")",130.9,12.2,7.6,33.9,1131.8,0.7,0.1,0.1,4.9,"c(""1. In a large sausepan, bring water and salt to a boil over high heat. Stir in polenta in a SLOW STEADY STREAM. Lower heat to medium and continue stiring 5 minutes, or until polenta is thickened to the consistency of hot cereal."", ""2. Remove polenta from heat and stir in the butter, pepper and cheese."")"
149528,Samosa,30,30,60,"c(""potatoes"", ""carrot"", ""onion"", ""frozen green peas"", ""ground cumin"", ""ground coriander"", ""chili powder"", ""ground turmeric"", ""garlic clove"", ""fresh cilantro"", ""table salt"", ""black pepper"", ""phyllo dough"")",37.6,0.4,0.1,0.0,148.1,7.6,1.0,0.7,1.1,"c(""Cook potatoes and carrot in boiling, salted water until tender - about 10 minutes. Drain and partially mash them."", ""Mist non-stick frying pan with cooking spray. Sauté onion until softened, about 2 minutes."", ""Stir onion, peas, cumin, ground coriander, chilli powder, turmeric, garlic puree and fresh coriander or mint into potatoes and carrots. Season to taste. Cool completely."", ""Preheat oven to Gas Mark 4/180°C/350°F Mist baking sheets with spray cooking oil."", ""Cut filo pastry sheets into strips, measuring approximately 30 cm x 10 cm (12 inches x 4 inches)."", 
""Place a tablespoon of mixture at one end of a pastry strip. Fold over and over to make a triangle. Repeat to make 20 samosas."", ""Mist with cooking spray, place onto baking sheets and bake for 25 - 30 minutes, until golden."")"
156031,Spaghetti,20,20,40,"c(""spaghetti"", ""salt"", ""lean ground beef"", ""pepper"", ""onion"", ""mushrooms"", ""salt"", ""diced tomatoes"", ""basil"", ""tomato juice"", ""oregano"", ""parmesan cheese"")",326.6,7.1,2.7,34.7,1543.5,45.4,2.3,3.2,19.0,"c(""Bring water to a boil in a large saucepan; add salt and oil.  Add spaghetti so water is always boiling."", ""Cook, stirring occasionally until al dente. Drain in a colander and rinse if desired. Serve hot with meat sauce. Brown beef in a skillet over medium heat."", ""Add chopped onions and saute until onions are transparent. Stir in mushrooms and diced tomatoes, tomato juice. Simmer and cover for 15 minutes; stir occasionally. Serve hot over spaghetti and sprinkle with cheese."")"
158777,Saag Paneer,45,15,60,"c(""onion"", ""garlic cloves"", ""fresh ginger"", ""frozen spinach"", ""plain yogurt"", ""buttermilk"", ""red chili powder"", ""garam masala"", ""half-and-half"", ""paneer cheese"", ""salt"")",194.8,10.4,6.2,31.5,182.9,19.0,4.7,7.2,10.2,"c(""Grind the onion, garlic, and ginger into a fine paste."", ""In a medium saucepan, combine the paste, spinach, yogurt, buttermilk, chili powder, and garam masala."", ""Simmer at medium heat for 20 to 30 minutes."", ""Mash the ingredients with a potato masher."", ""Add the half and half. Simmer until the mixture has a creamy consistency, 10 to 15 minutes."", ""Add the cheese, simmer 5 minutes. Season with salt."")"
185395,Spaghetti,30,20,50,"c(""ground beef"", ""green pepper"", ""salt"", ""pepper"", ""ground oregano"", ""crushed red pepper flakes"", ""crushed tomatoes"", ""tomato juice"", ""tomato paste"", ""spaghetti"")",1088.6,17.5,6.0,61.7,1309.3,184.6,13.6,24.0,49.3,"c(""Chop red peppers, green peppers and jalapeño peppers in tiny cubes, place in frying pan along with beef."", ""Add spices to the frying pan, and fry until meat is browned all the way through and peppers are soft."", ""In a large sauce pan put in crushed tomato, tomato juice and tomato paste, stir, than add meat. turn burner on to low heat, stirring occasionally."", ""In another sauce pan full of water boil it and add spaghetti, cook until very tender, drain."")"
187233,Kofta,15,20,35,"c(""lean ground beef"", ""onion"", ""garlic cloves"", ""cumin"", ""sweet paprika"", ""ground cinnamon"", ""oregano"", ""hot paprika"", ""cayenne"", ""salt"", ""black pepper"")",148.0,7.9,3.1,49.1,439.9,3.2,1.0,0.7,15.7,"c(""Combine the onions and garlic with the beef and begin to knead."", ""Add the spices and knead with wet hands for 10 to fifteen minutes, or until it is very VERY smooth."", ""Mold into small sausage shapes."", ""Either cook on the grill for about 10 minutes, or broil in the oven for fifteen."", ""Great with tomato and cucumber salad, pita bread, hummus, yogurt and cucumber salad -- ."")"
190876,Polenta,50,10,60,"c(""water"", ""milk"", ""garlic"", ""bay leaf"", ""salt"", ""fresh ground black pepper"", ""polenta"", ""yellow cornmeal"", ""unsalted butter"", ""parmesan cheese"")",322.8,17.9,10.6,49.4,806.4,34.3,2.8,0.3,7.9,"c(""Combine the water, 2 1/2 cups of the milk, the garlic, bay leaf, salt, and pepper in a large, heavy saucepan, and bring to a boil."", ""Gradually whisk in the polenta and reduce the heat to low."", ""Cook uncovered, stirring often with a large wooden spoon, until smooth and creamy, 35 to 40 minutes, adding the additional 1/4 cup milk as needed if the mixture gets too thick."", ""Add the butter and cheese and stir until melted."", ""Remove from the heat and discard the bay leaf."", ""Adjust the seasoning to taste and serve immediately.""
)"
195140,Spaghetti,45,15,60,"c(""spaghetti noodles"", ""Contadina tomato sauce"", ""Contadina diced tomatoes"", ""Contadina tomato paste"", ""garlic"", ""onion"", ""green pepper"", ""basil"", ""oregano"", ""red pepper flakes"", ""bay leaves"", ""mushroom"")",330.7,5.5,1.8,24.1,1160.0,55.9,6.6,9.9,17.8,"c(""Heat olive oil over medium heat in a large frying pan."", ""Saute onion and garlic."", ""When onion is transparent, add sausage and brown."", ""When sausage is browned, remove from heat and add to large stock pot."", ""Add green peppers and mushrooms to frying pan and saute until soft.  Add to stock pot."", ""Add tomato products to stock pot and stir well.  Adjust heat to medium-high."", ""Add spices and stir to combine."", ""When the mixture boils, reduce heat to low and simmer for a minimum of 30 minutes.""
)"
199699,Roti,45,30,75,"c(""chicken breasts"", ""garlic"", ""potatoes"", ""olive oil"", ""flour tortillas"", ""curry"")",1087.3,35.4,7.6,37.1,1504.2,156.5,14.3,6.1,36.4,"c(""Peel-off garlic and smash."", ""cut chicken and potatoes in cubits of about an inch."", ""On large skillet, heat oil on medium-high."", ""Fry garlic until golden and add half of the curry measure."", ""Add potatoes."", ""once it's turned to a golden color, add the chicken and the remainder curry and cook until chicken is fully cooked."", ""Serve on equal portions on flour tortillas, 2 rotis per person."")"
201137,Samosa,10,15,25,"c(""lamb"", ""hamburger"", ""potatoes"", ""cilantro"", ""onion"", ""curry powder"", ""cinnamon"", ""salt"")",376.3,11.5,4.7,60.0,61.4,47.0,6.1,2.1,21.4,"c(""Wash meat, dry and cook;."", ""break into small pieces."", ""Boil potatoes;cut into small pieces."", ""Mix meat,Potato,cilantro,Onion and seasonings."", ""Place small amount in corner of an egg roll wrapper; fold wrapper in."", ""half so it is triangular in shape."", ""Use milk to seal."", ""Deep fry."")"
203261,Naan,0,40,40,"c(""flour"", ""baking powder"", ""salt"", ""plain low-fat yogurt"")",213.1,1.2,0.6,2.9,304.2,41.7,1.4,3.6,7.7,"c(""Mix together flour, baking powder and salt."", ""Stir in the yogurt till the dough is too stiff for a spoon, then knead it in the bowl till it holds together well, adding more flour if necessary."", ""Turn it out on a floured surface and continue kneading for about 5 minutes till the dough feels smooth and elastic."", ""Form the dough into a ball and put it in an oiled bowl, covered with a towel, to rest for an hour or longer."", ""Take the dough out and cut it into 10 equal pieces. Form each into a ball and press the balls flat into round discs."", 
""Heat a large frying pan or griddle, either seasoned cast iron or a good non-stick finish."", ""Heat your oven to about 500 and have the broiler on (this is how the original recipe states it - I know with my oven it's either 500 degree oven OR the broiler, but you get the idea."", ""Take 1 piece of dough at a time and roll it out on a floured surface till it is about 8-10 inches across and less than 1/4 inch thick."", ""Lay it on the hot griddle and cook it over a medium heat for 4-5 minutes (I don't think mine took that long)."", 
""It will puff up in places or all over, and there will be some blackish-brown spots on the bottom."", ""Slide a spatula under the naan and transfer it to the oven, directly onto the rack, for a minute or two, just till it finishes puffing up into a balloon and begins to color lightly on top."", ""Remove naan from the oven and brush it lightly with melted butter if you like."", ""Continue this way with all the dough, stacking the breads into a napkin-lined basket."", ""Serve the breads hot, fresh from the oven, or let them cool and wrap them up."", 
""To reheat, wrap them in aluminum foil, in packets of 4 or 5 breads and put them in a 400 degree oven for 10-15 minutes."")"
205989,Chocolate Cake,40,20,60,"c(""flour"", ""salt"", ""baking powder"", ""cinnamon"", ""bittersweet chocolate"", ""unsalted butter"", ""unsalted butter"", ""eggs"", ""sugar"", ""dark brown sugar"", ""vanilla extract"")",318.1,17.3,9.9,143.9,208.9,35.6,1.1,21.6,5.5,"c(""Make the cake batter:"", ""Preheat oven to 350 degrees."", ""Butter one 9-inch round cake pan and line the bottom with parchment paper."", ""Butter the parchment paper and dust the pan with 1 tablespoon cocoa."", ""Set aside. In a medium bowl, sift together the flour, 1/4 cup cocoa, salt, baking powder, cinnamon and set aside."", ""In a double boiler over simmering water, melt 6 ounces chocolate and the butter. Set aside."", ""In a large bowl using an electric mixer set on medium high, beat the eggs and sugars until the mixture thickens and increases in volume-about 5 minutes."", 
""Reduce mixer speed to low, add the chocolate mixture and the vanilla, and beat until combined."", ""Gradually add the flour mixture and beat until incorporated."", ""Pour batter into prepared pan."", ""Bake on the middle shelf of the oven until cake springs back when lightly touched in the center-30 to 40 minutes."", ""Make the glaze: Cool cake in the pan on a wire rack for 20 minutes."", ""Invert the cake onto the wire rack, remove the parchment paper, and cool completely. Transfer cake to a serving dish."", 
""Melt the remaining bittersweet chocolate and drizzle over the top of the cake."")"
206718,Saag Paneer,0,50,50,"c(""fresh spinach"", ""fenugreek leaves"", ""hot green chili pepper"", ""onion"", ""chopped tomato"", ""salt"", ""cayenne"", ""cinnamon"", ""panir"", ""cornmeal"")",128.1,7.8,1.1,0.0,887.8,12.2,5.4,3.1,6.5,"c(""Bring 1 cup water to boil in a pot big enough to hold the spinach. Add the spinach, chopped pepper, and fenugreek. Cover the pan and cook gently for 25 minutes."", ""In a separate pan, heat the oil, add the onions, and fry until they start to brown. Add the ginger and tomatoes, and cook at low heat for 10 minutes, until the mixture thickens a bit. Remove from heat or time this to be done once the spinach is pureed (below)."", ""When the spinach is done, make it into a coarse puree (people disagree on how pureed it should be, use your own taste). I recommend a stick blender right in the pot you cook it in, or a masher can work as well. The amount of liquid present determines the consistency of your saag. Add the cornmeal, and cook the spinach gently for another 5 minutes."", 
""Add the tomato mixture to he spinach. Then add the salt, cumin, cinnamon, cayenne, and cook gently for another 3-5 minutes. Add the paneer, and cook for another 5 minutes, covered."", ""Serve with rice."")"
208987,Grilled Salmon,12,5,17,"c(""salmon fillets"", ""lemon pepper"", ""garlic powder"", ""salt"", ""soy sauce"", ""brown sugar"", ""water"")",401.7,19.5,2.7,88.7,1461.1,19.2,0.2,18.0,36.5,"c(""season salmon with lemon pepper, garlic, and salt."", ""In a bowl, stir together soy, brown sugar, water and oil until sugar is dissolved."", ""Place salmon in a large ziplock bag and pour mixture on top.  Seal and turn to coat.  Refrigerate for at least 2 hours."", ""Preheat grill for medium heat."", ""Place salmon on lightly oiled grill and cook for 6-8 minutes per  side or until it flakes easy with fork."", ""note: I have found it a bit easier just  to wrap it in foil and put it on the grill!"")"
209112,Naan,125,20,145,"c(""yogurt"", ""milk"", ""baking soda"", ""sugar"", ""butter"", ""eggs"", ""quick-rising yeast"", ""unbleached white flour"", ""salt"", ""poppy seeds"", ""sesame seeds"")",295.7,8.8,4.8,72.3,298.9,44.5,1.9,1.5,9.0,"c(""Warm the yogurt and stir in the milk until thoroughly mixed. Remove from the heat and cool. (This can be done in a microwave.) Place the yogurt mixture in a mixing bowl for a very heavy mixer, such as a KitchenAid. Otherwise do this by hand. Add the baking soda, sgar, 2 tablespoons of the butter, eggs, and yeast. Mix until the yeast dissolves."", ""Stir in the flour and salt."", ""Using the dough hook for your electric mixer, knead the dough for 15 to 20 minutes, until smooth and elastic. Place the dough on a plastic counter and cover with a large stainless-steel bowl. Let the dough rise to twice its size, about two hours."", 
""Dust your hands with flour. Knead the dough again for a few minutes and divide into 8 balls. Roll each ball into a 10-inch pancake. Pull each pancake gently to give it an oval shape. Cover with plastic wrap for 20 minutes. Do not stack the pancakes as they will stick together. I use plastic trays covered with plastic wrap."", ""heat your oven to 450 along with clay tiles for baking bread or an upside-down baking sheet. mix the remaining two tablespoons of butter with poppy seeds. Place a bit of flour on a small plywood board and place a loaf on the board. Brush the top with some of the butter and seeds and then slide into the oven. Bake just until the bubbles that form on the dough turn a bit brown, about 4 minutes. Remove from the oven using the plywood board and brush the bottom of the loaf with a bit of water. Stack the loaves and cover with plastic wrap until serving time.""
)"
210684,Chocolate Cake,15,5,20,"c(""flour"", ""sugar"", ""baking powder"", ""baking soda"", ""milk"", ""eggs"", ""vanilla"", ""boiling water"")",298.0,11.5,2.4,33.9,226.9,47.4,2.3,29.3,4.7,"c(""Grease two 9 inch cake pans."", ""Pre heat oven to 350."", ""Mix flour, sugar, cocoa powder, baking soda and baking powder."", ""Add the milk, vegetable oil,2 eggs, vanilla, and boiling water."", ""Beat for 2 minutes."", ""pour evenly into the two pans."", ""bake for about 30 minutes."")"
221938,Spaghetti,60,15,75,"c(""spaghetti noodles"", ""lean ground beef"", ""mild Italian sausage"", ""tomato paste"", ""water"", ""tomato sauce"", ""salt"", ""sugar"")",816.8,24.7,9.0,97.4,1814.2,98.7,6.5,11.4,48.1,"c(""In a skillet, brown beef and sausage (squeezed out of it's casing). Drain fat."", ""Add tomato paste, and fill the can with water 5 times, adding to paste. Add tomato sauce, Italian seasoning, salt, and a pinch of sugar. Drop in the baby carrots (these are only added to absorb the acidic flavor of the sauce and mellow it out)."", ""Sauce will be watery at first, and will thicken over time. It can be cooked fast over high heat, or slow simmered over low heat for several hours."", ""Before serving, remove the baby carrots."", 
""Cook spaghetti noodles to package directions and drain. Serve spaghetti sauce over bed of noodles."")"
225161,Grilled Salmon,20,15,35,"c(""soy sauce"", ""Worcestershire sauce"", ""lemon juice"", ""ginger"", ""honey"", ""dried basil"", ""salmon fillets"")",415.5,13.3,2.1,165.4,390.5,6.9,0.3,6.0,63.9,"c(""Place salmon fillets in foil made into bowl (curl up edges to hold in liquid).  Place on flat baking sheet or cutting board."", ""Combine all other ingredients."", ""Pour over the salmon and let it marinate while you preheat the grill, about 15 minutes."", ""Preheat a grill for medium-low heat."", ""Slide just the foil with the salmon onto the grill. Cover with the lid and grill the fillet for 10 minutes per inch of thickness, about 20 minutes."", ""Salmon should be able to flake with a fork, but not be too dry.""
)"
226927,Butter Chicken,40,10,50,"c(""eggs"", ""boneless skinless chicken breasts"", ""butter"", ""black pepper"")",0.0,0.0,0.0,0.0,0.0,0.0,0.0,0.0,0.0,"c(""Preheat oven to 375 degrees."", ""Place eggs and cracker crumbs in two separate shallow bowls; add garlic salt and black pepper to the crumbs; mix."", ""Dip chicken breast in egg, then dredge in cracker crumbs."", ""Arrange coated chicken breasts in a 9X13-inch baking dish."", ""Drizzle melted butter over the top of the chicken breasts."", ""Bake in preheated oven for 40-50 minutes until juices run clear."")"
230516,Butter Chicken,30,20,50,"c(""plain yogurt"", ""heavy cream"", ""ginger"", ""garlic cloves"", ""ground cinnamon"", ""fresh ground pepper"", ""paprika"", ""chili powder"", ""chicken breasts"", ""onions"", ""turmeric powder"", ""ground cumin"", ""ground fenugreek"", ""egg tomatoes"", ""butter"", ""salt"")",464.1,33.2,9.4,111.7,269.8,9.3,1.6,3.6,31.9,"c(""In a large bowl, mix together the ingredients for the marinade, adding the chicken. Fold the marinade with the meat until it is well coated. Cover and refrigerate for 30 minutes to 1 hour."", ""When ready to cook, begin the sauce. Heat the oil in a large pan or wok and fry the onions for 7 minutes or until they are lightly browned."", ""Add the turmeric, cumin and salt, followed by the fenugreek, if using, and cook, stirring, for 1 minute. Tip in the tomatoes and cook for 3 minutes or until the onion mixture becomes quite thick."", 
""Stir in the butter, then the chicken and marinade, and cook on a low heat for 10 minutes or until the chicken is done."", ""Serve the curry hot with naan bread and an onion and green leaf salad."")"
235397,Chocolate Cake,30,30,60,"c(""self-raising flour"", ""cocoa powder"", ""sugar"", ""eggs"", ""milk"", ""butter"", ""vanilla flavoring"", ""cashew nuts"")",388.8,14.4,6.7,68.6,516.4,60.2,2.4,31.3,7.9,"c(""Mix flour, cocoa powder."", ""Add the sugar."", ""Add beaten eggs, melted butter, milk & vanilla and beat for approximately 8-10 minutes."", ""Bake for 30 minutes for 350°F."", ""Cool for 10 or 15 minutes."")"
239535,Chocolate Cake,20,20,40,"c(""shortening"", ""sugar"", ""eggs"", ""vanilla"", ""buttermilk"", ""all-purpose flour"", ""baking soda"", ""baking powder"", ""salt"")",385.9,15.6,3.9,43.6,372.0,56.6,1.5,35.1,5.7,"c(""Preheat oven to 350ºF. Grease and flour 13 x 9 x 2-inch pan or two 9-inch round layer pans, or line cupcake pans. Set aside."", ""In large mixing bowl cream Butter Flavor Crisco, sugar, eggs, and vanilla until light and fluffy. Add buttermilk. flour, cocoa and salt. Beat until blended, scraping bowl frequently. Beat at medium speed for 2 minutes, scraping bowl occasionally. Pour into prepared pan(s)."", ""Bake at 350ºF, oblong or layers for 25 to 30 minutes, cupcakes for 15 to 20 minutes, or until wooden pick inserted in center comes out clean."", 
""For layers, cool on wire rack for 15 minutes and remove from pans to cool completely. Frost as desired."")"
240649,Grilled Salmon,10,5,15,"c(""fennel seeds"", ""salmon fillets"", ""salt"", ""pepper"", ""olive oil"")",220.1,7.7,1.4,77.4,127.7,1.0,0.8,0.0,34.8,"c(""Prepare barbecue."", ""Grind fennel seeds and coriander seeds using a mortar and pestle or spice grinder. When I made this I used 1/2 teaspoon ground coriander (but probably could have used a bit less) and put it in with the fennel seeds so they were combined well."", ""Brush both sides of the salmon with olive oil and then sprinkle both sides with salt and pepper and then the spice mixture, pressing to make sure the spices adhere to the fish."", ""Grill salmon, covered, turning once - about 10 minutes or until done or when center is opaque.""
)"
244356,Naan,10,10,20,"c(""flour"", ""water"", ""cumin seed"", ""curry powder"", ""garlic cloves"")",309.1,1.0,0.1,0.0,3.6,64.6,2.4,0.3,8.9,"c(""Put 2 cups flour into mixing bowl."", ""Add water little by little, and knead at the same time. stop adding water when the dough becomes ball-ish."", ""Add cumin seeds and garlic, knead inches."", ""Take a handful of flour, knead dough until nothing is sticky."", ""Make little balls about 2 inches in diameter."", ""Roll out into flat circles, pat back and forth between hands, powder with flour and set aside."", ""Heat pan for 2 minutes or until super hot, add  olive oil, (the more oil, the more traditional it will taste, just don't overdo it) let oil boil."", 
""Put in flat dough until it bubbles and bottom has brown spots, flip."", ""Once done, put naans into a bowl with ventilation (like a strainer) and keep napkins or paper towels between the naans."", ""Serve with chicken curry on the side, or eat as a snack."")"
246455,Spaghetti,30,15,45,"c(""spaghetti noodles"", ""hamburger"", ""roll of pork sausage"", ""onion"", ""fresh garlic"", ""garlic powder"")",859.5,23.6,6.5,76.1,1956.2,115.5,4.7,36.7,43.5,"c(""Brown burger with minced onion. You can add as much onion as you like, I add a lot."", ""Brown sausage in separate pan."", ""Boil noodles as directed on box."", ""Heat up sauce in a decent size pan because you will be adding sausage and hamburger into it. Add sauce packet but don't add water. It's got a wonderful flavor. Add garlic and Italian seasoning."", ""Drain grease from burger and add to sauce."", ""If you'd like, drain sausage and add. I like the flavor of the sausage with the sauce so I add a little."", 
""Simmer until done. Enjoy."")"
249540,Chicken Tandoori,40,5,45,"c(""skinless chicken breasts"", ""plain yogurt"", ""lemon juice"", ""garlic cloves"", ""ground cumin"", ""ground coriander"", ""ground turmeric"", ""cayenne pepper"", ""black pepper"")",297.9,4.7,1.8,142.8,176.3,4.2,0.4,2.3,56.5,"c(""Place the chicken pieces in a shallow casserole."", ""Mix together the rest of the ingredients and spread over the chicken, then cover the dish and place it in the fridge to marinate for at least an hour."", ""Bake the chicken in the marinade at 400ºF for about 35–40 minutes until meat is cooked thoroughly. Do not turn."")"
261480,Butter Chicken,25,30,55,"c(""yogurt"", ""lemon juice"", ""ground cumin"", ""ground coriander"", ""cayenne pepper"", ""garam masala"", ""ground turmeric"", ""garlic"", ""ginger"", ""kosher salt"", ""boneless skinless chicken breasts"", ""lime"", ""butter"", ""ghee"", ""cashews"", ""onion"", ""cumin seeds"", ""chile"", ""garlic clove"", ""tomato puree"", ""heavy cream"", ""fresh coriander"")",425.5,21.4,9.0,134.6,715.1,14.7,1.9,4.4,44.5,"c(""Combine yogurt, lemon juice, cumin, coriander, cayenne, garam masala, turmeric, garlic, ginger and salt (to taste) in a medium bowl."", ""In a re-sealable bag, add chicken and cover with yogurt marinade. Seal bag and toss to coat chicken. Refrigerate for at least 2 hours, or overnight."", ""Preheat grill or oven to 400 degrees (200 Celsius). Cook until juices run clear, about 20-25 minutes. Finish with a generous squeeze of fresh lime juice. Set aside."", ""In a high-sided sauté pan, heat butter or ghee over medium-high heat. Add onions and cook until translucent. Add garlic, cumin seeds and minced chili and cook until fragrant. Add tomato purée and cashew paste. Season with salt, stir and lower heat to a simmer. Add cream and simmer for 2-3 minutes."", 
""Chop grilled chicken into bite-sized chunks and add to sauce. Stir to coat chicken with sauce and simmer on low for 20-25 minutes or until chicken is fully warmed. Garnish with chopped coriander leaves."")"
266256,Chocolate Cake,30,20,50,"c(""butter"", ""sugar"", ""caster sugar"", ""vanilla essence"", ""eggs"", ""plain flour"", ""baking powder"", ""cocoa powder"", ""milk"")",365.6,17.9,10.8,107.3,224.4,47.1,1.1,30.3,5.3,"c(""Semi melt the butter and place in a bowl with the sugar and stir until combined then add the 3 eggs one at a time."", ""After all is combined add the vanilla essence and stir again until combined."", ""Sift the plain flour,baking powder and the coco powder together."", ""Pour in the wet mixture and stir through, add the milk gradually until it looks like a fluffy mousse."", ""Spray the bottom of a dish with spray and cook and scoop in, even it out then put in the oven for 30 mins at 180°C."", ""Its ready when a skewer comes out clean."", 
""Serve with a chocolate sauce or a some cream."")"
277331,Margherita Pizza,12,10,22,"c(""mozzarella cheese"", ""parmesan cheese"", ""tomatoes"", ""pesto sauce"", ""fresh basil"", ""crushed red pepper flakes"")",309.1,18.7,9.9,55.2,1056.0,15.6,1.0,11.4,19.7,"c(""Preheat oven to 450*."", ""Spread crust with pizza sauce and sprinkle with both cheeses."", ""Evenly place thinly sliced tomatoes on top."", ""Drizzle with pesto or sprinkle with fresh chopped basil leaves and crushed red pepper. Bake at 450 degrees for 12 minutes or as your crust/dough package directs."")"
285745,Butter Chicken,20,15,35,"c(""butter"", ""onion"", ""ginger"", ""garlic"", ""chili powder"", ""turmeric"", ""cinnamon"", ""tomatoes"", ""tomato paste"", ""brown sugar"", ""salt"", ""pepper"", ""light sour cream"", ""cilantro"")",534.1,32.0,12.8,165.0,551.6,17.3,2.9,9.2,44.0,"c(""Melt butter in skillet."", ""Add garlic and onions. Fry 2-3 minute."", ""Add rest of ingredients down to chicken. Simmer on low for 10 minute."", ""Add chicken and creams and simmer 5 minute."", ""Serve over rice and garnish with cilantro."")"
290864,Chocolate Cake,40,5,45,"c(""sugar"", ""flour"", ""salt"", ""baking soda"", ""Miracle Whip"", ""water"", ""egg"", ""vanilla"")",184.7,0.7,0.2,17.6,229.4,41.7,0.8,25.1,2.9,"c(""Mix all ingredients in a mixer until smooth."", ""Bake 350 for 35-40 minutes."")"
292699,Spaghetti,120,20,140,"c(""olive oil"", ""ground beef"", ""green pepper"", ""onion"", ""garlic"", ""tomato paste"", ""tomato sauce"", ""tomato puree"", ""salt"", ""pepper"", ""oregano"", ""basil"", ""sugar"", ""water"")",448.0,24.5,7.7,77.1,1803.1,33.9,6.8,21.1,27.2,"""Heat oil and brown the ground beef. Once beef is browned add chopped onion, green pepper and garlic. Saute until soft. Add all the remianing ingredients, cover and  simmer for 2 hours. If sauce gets too thick add a little more water to thin it out."""
294841,Ribollita,64,20,84,"c(""bacon"", ""extra virgin olive oil"", ""onion"", ""celery"", ""carrots"", ""garlic cloves"", ""baking potato"", ""diced tomatoes"", ""dry red wine"", ""low sodium beef broth"", ""cannellini beans"", ""swiss chard"", ""kosher salt"", ""fresh ground black pepper"", ""pesto sauce"")",389.9,5.7,1.4,2.7,1488.5,66.9,8.3,7.5,15.8,"c(""Place a Dutch oven or a soup pot over medium heat.  Add the bacon and cook until browned, 2 to 3 minutes.  Add the oil and onion and cook until translucent, about 4 minutes.  Add the celery, carrots, and garlic and cook until softened, about 5 minutes.  Add the potato and cook until it has started to soften, about 6 minutes."", ""Add the tomatoes, wine, broth, beans, and 2 cups of water.  Place the Swiss chard on top, cover, and bring to a boil.  Uncover, stir to combine, and simmer gently for 45 minutes.  Remove from heat.  Stir in the salt and pepper gently to combine.  (At this point the soup can be chilled for reheating and serving the next day.)."", 
""Divide the bread among serving bowls.  Ladle the hot soup over the bread and finish with a drizzle of olive oil or pesto, if desired."")"
298539,Spaghetti,15,15,30,"c(""whole wheat pasta"", ""cheese"")",540.7,20.3,11.4,106.5,625.2,47.5,0.0,0.0,43.7,"""bake."""
302571,Paratha,20,15,35,"c(""wheat flour"", ""salt"", ""water"")",511.6,28.7,4.3,0.0,4.0,58.1,9.8,0.3,11.0,"c(""Mix flour salt & required water to make a dough consistency.Rub oil over & knead it soft .Let it rest for an hour."", ""With a help of a rolling pin take a lemon sized dough ."", ""Roll it to a a small round  & apply some oil to it."", ""Fold into two  again fold the same. Start rolling to form a triangle."", ""Heat a flat pan ,when it gets hot add the paratha and let it cook for a minute."", ""When it starts to get small bubbles turn around & add a small teasp of oil around the paratha. When the brown spots appear take it out & keep it in an in a covered box & serve.""
)"
305405,Grilled Salmon,10,15,25,"c(""salmon fillets"", ""soy sauce"", ""fish sauce"", ""lemon zest"", ""mirin"")",392.9,11.0,1.8,165.4,1592.3,3.0,0.3,1.0,65.0,"c(""Preheat grill to high heat."", ""Brush salmon with soy sauce (see note in ingredients) and fish sauce. Top with the lemon zest and marinate for 5-10 minutes; turn fish and marinate for 5-10 minutes."", ""Place fish on grill and brush with 1 tablespoon of  mirin (see note in ingredients). Grill for 3-5 minutes."", ""Turn fish and brush with mirin and continue grilling for 3-5 minutes or until cooked through, time depends on the thickness of the fish."", ""Remove from grill and brush on the remaining mirin (2 tablespoons).""
)"
306537,Kulcha,30,15,45,"c(""refined flour"", ""salt"", ""bicarbonate of soda"", ""skim milk"", ""low-fat plain yogurt"")",317.4,0.9,0.2,0.6,118.0,66.0,2.2,2.1,9.4,"c(""Sieve refined flour along with salt and soda bicarbonate into a bowl. Add milk and yogurt and mix. Add sufficient water and knead into a soft dough. Cover with a damp cloth and set aside for fifteen minutes."", ""Divide into eight equal portions.Further roll into a round disc as thin as possible."", ""Heat a pressure cooker. Apply a little water on one side of the kulcha and stick onto the inner wall of the cooker. Similarly stick on two more kulchas. Cook on medium heat for two to three minutes."", 
""Keep the cooker open side down on the flame and cook so that both the sides of the kulchas get cooked. Remove the kulchas with a tong and serve hot."")"
311776,Polenta,35,10,45,"c(""water"", ""salt"", ""cornmeal"", ""butter"")",297.2,10.8,5.8,22.9,689.4,46.9,4.5,0.4,5.0,"c(""First, pour the cornmeal and 2 cups of the cold water into a large bowl. Whisk it so there are no lumps."", ""Next, pour the remaining 4 cups of water and the salt into a pot, and bring to a boil."", ""Now, gradually stir in the cornmeal and cold water mixture."", ""Let the cornmeal and water simmer gently. Stir frequently, so there's no sticking. It will take about 30 minutes until it's very thick."", ""At the end, mix in the butter."", ""Butter a bowl for the polenta to cool. The polenta will take shape of the bowl after sitting for about 10 minutes."", 
""Once it's set, invert the polenta onto a flat plate. You can cut it into thick slices and top with tomato sauce and grated cheese."")"
319587,Grilled Salmon,10,15,25,"c(""salmon fillets"", ""lemon pepper"", ""garlic cloves"", ""soy sauce"", ""brown sugar"", ""water"")",269.3,13.0,1.8,59.1,974.2,13.1,0.1,12.0,24.4,"c(""In a ziploc bag mix together lemon pepper, minced garlic, soy sauce, brown sugar, water, and vegetable oil until sugar is dissolved."", ""Add fish, seal and turn to coat."", ""Refrigerate for at least 2 hours."", ""Lightly oil grill grate and preheat grill to medium."", ""Remove salmon from marinade and discard marinade."", ""Cook salmon for 6 to 8 minutes per side, or until the fish flakes easily with a fork."")"
329327,Chocolate Cake,35,10,45,"c(""cake flour"", ""sugar"", ""baking powder"", ""baking soda"", ""salt"", ""shortening"", ""milk"", ""eggs"", ""vanilla extract"")",444.9,19.1,8.6,64.3,304.2,64.7,1.7,37.8,6.0,"c(""Preheat oven to 375°F Butter two 8\"" cake pans, and dust with cocoa powder."", ""Sift together cake flour, sugar, baking powder, baking soda and salt. Mix in shortening with electric mixer at low speed. Add 2/3 c milk. When incorporated, turn up speed to medium and add remaining 1/3 c milk. Add eggs one at a time, beating well after each addition. Add vanilla and melted chocolate and fold in until fully mixed."", ""Divide batter between the two pans. Bake in preheated oven 25-35 minutes or until a toothpick inserted into one cake comes out clean."", 
""Cool 10 minutes in pans, then turn out onto cooling racks until fully cooled. Fill and frost with your favorite frosting."")"
329338,Naan,7,30,37,"c(""active dry yeast"", ""warm water"", ""white sugar"", ""milk"", ""egg"", ""salt"", ""bread flour"", ""garlic"", ""butter"")",198.0,4.2,2.3,24.3,363.6,34.6,1.2,3.7,4.9,"c(""In a large bowl, dissolve yeast in warm water. Let stand 10 minutes, until frothy. Stir in sugar, milk, egg and salt and enough flour to make a soft dough. Knead for about 8 minutes on a floured surface, until smooth. Place in a well oiled bowl, cover with a damp cloth and set aside to rise. Allow to rise for 1 hours Dough will double in volume."", ""Punch down dough. Knead in garlic. Pinch off dough to the size of golf balls. Roll into ball shape, and place on a tray. Cover with a towel and allow to rise until doubled in size. Approximately 30 minutes."", 
""During second rising, preheat grill to high heat."", ""At grill side, roll one ball of dough out to a thin circle. Lightly oil grill. Place dough on grill and cook 2-3 minutes until puffy or slightly browned. Brush uncooked side with butter and turn over. Brush cooked side with butter and cook until browned., another 2-4 minutes. Remove from grill, and continue process until all naan is prepared."")"
332865,Chocolate Cake,30,15,45,"c(""sugar"", ""salt"", ""baking soda"", ""cold water"", ""eggs"", ""vanilla"", ""vinegar"")",439.7,21.9,3.4,0.0,675.6,59.6,3.3,25.4,4.7,"c(""Oil and flour two 8\"" layer cake pans (if including the eggs) or one 8\""x10\"". Preheat oven to 350°F."", ""Shift together the first 5 ingredients in to a mixing bowl."", ""If using eggs beat together until evenly yellow and reduce water by 2 tablespoons Beat together with water and vanilla. Measure out oil and pour it and the water mixture together onto the flour. Beat until flour lumps are gone."", ""Pour vinegar all at once onto mixture and gently fold in evenly - do not beat. This part is best done by hand."", 
""Pour into pans."", ""Bake at 350F for 10 minutes then reduce to 325F for 20 minutes."")"
339161,Butter Chicken,30,10,40,"c(""boneless skinless chicken breasts"", ""butter"", ""onion"", ""cinnamon"", ""garlic"", ""ginger"", ""turmeric"", ""chili powder"", ""tomato with juice"", ""tomato paste"", ""low-fat plain yogurt"")",409.7,20.4,6.9,92.6,495.1,24.8,5.7,13.0,34.8,"c(""Trim and cut the chicken into small cubes, cover and set aside."", ""Slice the onions into thin wedges."", ""Heat a large saucepan or frying pan and melt 2 to 3 tablespoons of butter until it is frothy."", ""Add onions and cinnamon to the pan and fry lightly."", ""When the onions are soft, stir in crushed garlic and ginger. Then add turmeric, chili powder and coriander, and saute over  medium heat.  The spices are fried first to release their maximum flavor and this really enhances the dish."", ""Add cubed chicken and saute stirring constantly until the chicken has turned white."", 
""Add ground almonds, tomatoes and tomato paste. Mix thoroughly."", ""Cover and simmer for 20 to 30 minutes."", ""Add the yogurt and heat through."")"
347306,Fried Noodles,6,10,16,"c(""canola oil"", ""soy sauce"", ""garlic clove"", ""fresh ginger"")",133.7,13.9,1.2,0.0,1005.5,1.0,0.1,0.3,1.9,"c(""Heat oils together in pan."", ""Add noodles and fry for about 3 minutes, over med-high heat."", ""Add veggies if using."", ""Add soy sauce as evenly through the mixture as you can."", ""Add garlic and ginger if using."", ""fry 2 or 3 more minutes more while mixing with your spatula."", ""When it seems done to you, remove from heat and serve!"")"
353002,Grilled Salmon,10,5,15,"c(""onion"", ""lemons"", ""fresh herb"", ""salmon fillet"", ""salt"")",616.9,16.4,2.6,236.5,1477.2,34.2,11.7,4.7,94.3,"c(""Heat a grill to medium."", ""On a piece of aluminum foil, spread half of sliced onion, lemons and herbs about the length of the salmon."", ""Lay salmon on top. Add salt and pepper to taste. Cover with remaining onion, lemons and herbs."", ""Cover with a second piece of aluminum foil and crimp sides together. Place on grill and check after about 10 minutes. It's done when salmon is pink in the middle and can be flaked with a fork. Be sure not to overcook."")"
353970,Chocolate Cake,50,15,65,"c(""eggs"", ""extra finely granulated sugar"", ""caster sugar"", ""all-purpose flour"", ""margarine"", ""bicarbonate of soda"", ""cocoa powder"", ""warm water"")",343.4,26.1,5.2,105.8,459.5,22.8,2.4,0.8,7.0,"c(""Beat butter and margarine till creamy.  Add in the eggs one at a time, beat well after each addition."", ""Sift flour and bicarbonate of soda.  Add to the egg mixture alternate with the mixture of cocoa.  Mix well until all incorporated."", ""Pour the mixture in the in the 8 x 8in square baking tin, that have been greased and top with baking paper."", ""Bake in the oven of 170degrees Celcius for 50 minutes."")"
355128,Chocolate Cake,30,20,50,"c(""sugar"", ""eggs"", ""butter"", ""milk"", ""flour"", ""cocoa powder"", ""cocoa powder"", ""baking powder"", ""vanilla extract"")",385.8,11.3,6.4,102.7,230.4,66.7,2.9,37.9,7.8,"c(""mix well the sugar, eggs and butter."", ""add milk and mix more."", ""add the flour and mix it until it is uniform"", ""Add the chocolate, the baking powder and the vanilla and mix it for awhile."", ""Pour the cake batter into greased 13 x 9 cake pans."", ""Bake for 30 minutes in 350-degree oven."")"
357230,Chicken Tandoori,9,60,69,"c(""boneless skinless chicken breast halves"", ""plain yogurt"", ""fresh lemon juice"", ""garlic clove"", ""cumin"", ""salt"", ""white pepper"", ""ground cayenne pepper"")",172.6,3.6,1.7,76.4,687.5,4.0,0.1,3.0,29.6,"c(""Slice chicken into strips about 1/2 inch wide by 2-3 inches long."", ""Thread on skewers and place in shallow pan."", ""Combine remaining ingredients; pour mixture over chicken and marinate 1 to 4 hours in refrigerator, turning occasionally to coat."", ""Remove from refrigerator and allow to come to room temperature(about 30 minutes)."", ""Remove skewered chicken from marinade; place on grill over medium-hot coals or broil in oven."", ""Cook 4 minutes;turn skewers to brown other side.Cook until chicken is no longer pink and juices run clear(about 5 min.)."", 
""Cucumber Sauce: Combine 1 cup seeded,diced cucumber with 1 cup plain yogurt,stir in 1 tsp.ea. crushed dill weed and grated lemon peel. Makes 1 1/2 cups."")"
357870,Chicken Tandoori,35,70,105,"c(""boneless skinless chicken breast"", ""garlic cloves"", ""plain yogurt"", ""lemon juice"", ""cayenne pepper"", ""ground coriander"", ""ground cumin"", ""ground turmeric"")",156.4,2.9,1.2,70.8,92.9,3.4,0.4,1.9,27.8,"c(""Cut the chicken into 1in cubes and place in a shallow ovenproof dish."", ""Mix the garlic, yogurt, lemon juice, salt and pepper and spices and spread over the chicken."", ""Cover and marinate in the refrigerator for at least 1 hour."", ""Preheat the oven to 400°F."", ""Bake the chicken in the marinade for 35 minutes, turning once or twice during cooking."", ""Alternatively, thread the chicken on to skewers and cook under a preheated hot broiler for 15-20 minutes."", ""Serve with rice and salad."")"
370568,Samosa,20,30,50,"c(""all-purpose flour"", ""ajwain"", ""green peas"", ""ginger"", ""green chili pepper"", ""red chili powder"", ""cumin seed"", ""garam masala powder"", ""cilantro"", ""fresh lime juice"", ""salt"")",103.5,4.5,0.6,0.0,3.3,13.9,1.1,0.6,2.0,"c(""Take all purpose flour mix ajwain, oil and 1 tsp of salt. Make dough from this flour with loop warm water."", ""In a pan, heat oil, add cumin seeds. When cumin splutter, add chopped ginger, green chilies, then add boiled diced potatoes."", ""In bowl take 1/4 cup of water. add all dry masalas in this water. Add red chili and garam masala. add this warter in pan and stir. Cook for 1-2 minutes."", ""Add green peas and put flame to medium."", ""Stir and cook for 4 minutes."", ""Add chopped cilantro and add fresh lime juice on top. stir and let it cool."", 
""Make 16 small bowls from the dough. Roll them in oval shape."", ""Cut the rolled dough in half and put little water on edges."", ""Make a cone and stuff cooked potato mixture in this dough."", ""Seal the other end to form it in shape of samosa."", ""Repeat the process for rest of the dough."", ""Deep fry in medium hot oil. When the samosas turn golden color."", ""Take a plate and place towel paper on it. Place samosas on this towel paper so paper will remove extra oil from samosas."", ""Serve HOT with ketchup or chutney.""
)"
379049,Chocolate Cake,30,15,45,"c(""all-purpose flour"", ""brown sugar"", ""baking powder"", ""baking soda"", ""salt"", ""milk"", ""vanilla extract"", ""eggs"", ""boiling water"", ""chocolate chips"")",219.2,7.6,2.9,25.9,192.9,37.2,2.1,22.9,3.8,"c(""Preheat your oven to 350 degrees Fahrenheit."", ""Combine all your dry ingredients in a bowl except your chocolate chips and slowly mix in your wet ingredients."", ""Pour into a greased circular pan or 9 by 13 inch rectangular pan."", ""Add your chocolate chips on top, and softly push into the batter making sure not to let them touch the bottom or sides of the pan, since they easily stick."", ""Bake for around 30 minutes, add more time if needed."")"
381154,Shawarma,10,1470,1480,"c(""lamb stew meat"", ""garlic cloves"", ""mace"", ""salt"", ""cayenne pepper"", ""paprika"", ""cinnamon"", ""cumin"", ""lemon"", ""yogurt"", ""garlic clove"", ""lemon juice"", ""salt"", ""tahini"", ""cold water"", ""fresh parsley"", ""olive oil"", ""tomatoes"", ""cucumber"", ""onion"")",758.7,28.9,8.9,248.8,902.7,37.9,4.0,5.0,84.4,"c(""Cube lamb into approximately 2 inch cubes."", ""Combine marinade ingredients, mix with meat & place in the refrigerator to marinade 12 - 24 hrs."", ""Broil meat on foil lined pan about 5 minutes per side (should still have a little pink in the center, when done)."", ""Mix Tahini dressing ingredients while meat is cooking."", ""Tahini & water are 1:1 ratio.  Salt & lemon are to taste."", ""Once meat is cool, chop, then add 1 T olive oil, parsley, dash of."", ""hot sauce, salt & pepper to taste.  Mix well."", 
""In a dry, hot skillet, warm meat."", ""Place meat in pitas with a little dressing drizzled over."", ""Garnish with chopped tomato, chopped cucumber, & a little onion, if desired."", ""Prep time includes marinade time in the refrigerator."")"
383592,Butter Chicken,38,20,58,"c(""chicken thigh"", ""onion"", ""garlic cloves"", ""ginger"", ""butter"", ""lemon juice"", ""garam masala"", ""cumin"", ""cayenne pepper"", ""tomato sauce"", ""evaporated milk"", ""plain yogurt"")",485.8,35.5,12.8,131.1,524.5,16.3,1.6,4.6,25.9,"c(""Heat 1 tbsp (15 ml) oil in a large saucepan over medium-high heat.  Cook chicken until lightly browned, about 10 minutes.  Remove chicken and set aside."", ""Heat remaining oil in a large saucepan over medium-high heat.  Saute onion, garlic and ginger until soft and fragrant.  Stir in butter, lemon juice and spices.  Cook, stirring for 1 minute.  Add tomato sauce, cooking for 2 minutes, stirring frequently.  Stir in milk and yogurt.  Reduce heat and simmer for 10 minutes, stirring often."", ""Add reserved chicken to sauce and bring sauce to a boil.  Reduce heat to low and simmer for 15 minutes until sauce has thickened and chicken is cooked through."", 
""Taste and adjust seasonings as necessary."")"
394271,Ribollita,30,15,45,"c(""olive oil"", ""onions"", ""carrots"", ""garlic cloves"", ""celery ribs"", ""chopped tomatoes"", ""fennel bulb"", ""courgettes"", ""pesto sauce"", ""kidney beans"", ""parmesan cheese"")",267.6,8.8,1.3,0.0,486.5,40.8,9.6,9.0,10.6,"c(""Heat the oil in a large saucepan.  Add the onions, carrots, garlic, celery and fennel and fry gently for 10 minutes.  Add the courgettes and fry for a further 2 minutes."", ""Add the chopped tomatoes, pesto, stock and beans and bring to a boil.  Reduce the heat, cover and simmer gently for 25-30 minutes, until the vegetables are completely tender.  Season with salt and pepper to taste."", ""To serve, fry the spinach in the oil for 2 minutes or until wilted.  Spoon over the bread in soup bowls, then ladle the soup over the spinach.  Serve with extra olive oil for drizzling on to the soup and Parmesan cheese to sprinkle on top."", 
""Variation -- Use other dark greens, such as chard or cabbage instead of spinach; shred and cook till tender."")"
399405,Spaghetti,60,20,80,"c(""onions"", ""bell peppers"", ""garlic cloves"", ""ground turkey"", ""crushed tomatoes"", ""tomato sauce"", ""tomato paste"", ""olive oil"", ""sugar"", ""white wine"")",218.6,8.9,2.1,59.8,594.3,18.1,3.4,11.1,15.6,"c(""Chop onions & peppers."", ""Brown ground turkey & drain."", ""Add 2 tablespoons of oil to dutch oven and saute vegtetables (onions, peppers, and garlic) for about 6 minutes."", ""Add crushed tomatoes, tomato sauce & tomato paste.  Let thicken for about 20 minutes."", ""Add the browned turkey meat back into dutch oven."", ""Add 1 tablespoons italian seasoning, 1/8 cup of sugar, and 3/4 cup of white wine."", ""Let simmer for additional 30 minutes."", ""Season with salt & pepper."")"
400292,Curry,20,15,35,"c(""chicken"", ""chicken broth"", ""potatoes"", ""carrots"", ""green peas"", ""onion"", ""curry"", ""apple"", ""milk"")",44.1,0.2,0.0,0.0,20.1,9.8,2.0,2.4,1.3,"c(""In a skillet, with oil, cook chicken then add onions."", ""When finished, transfer to a a pot with chicken broth."", ""When warm add the potatoes and carrots."", ""Then add curry, let it boil."", ""Then add the green peas and milk. Let it boil."")"
424098,Chicken Biriyani,55,15,70,"c(""long grain rice"", ""garlic cloves"", ""cinnamon stick"", ""bay leaf"", ""yellow onion"", ""fresh ginger"", ""ground ginger"", ""lemon juice"", ""ground cumin"", ""turmeric"", ""ground cinnamon"", ""ground cloves"", ""cardamom"", ""black pepper"", ""plain low-fat yogurt"", ""chicken"", ""red cabbage"", ""green apple"")",198.0,1.4,0.7,3.7,56.4,40.5,2.6,10.2,6.5,"c(""Preheat oven to 350 degrees. Cook the rice according to package directions, omitting the salt but adding 2 of the garlic cloves, the cinammon stick and the bay leaf. When rice is done, discard the garlic, cinnamon and bay leaf."", ""Meanwhile, in a blender or food processor, make a paste of the onion, ginger, lemon juice, cumin, coriander, turmeric, cinnamon, cloves, cardamom, pepper and remaining garlic by blending for 10 to 15 seconds."", ""Transfer the past to a large bowl and blend in the hyogurt. Add teh chicken, tossing to coat well."", 
""Place the rice in an ungreased shallow 1 1/2 quart casserole, spoon the chicken mixture on top, cover, and bake for 35 minutes. Toward the end of the baking period, steam the cabbage for 10 minutes over boiling water until it is tender but still crisp."", ""Cluster the cabbage and apple in the center of the biriyani casserole. Serve immediately."")"
425829,Chocolate Cake,40,15,55,"c(""sugar"", ""flour"", ""baking powder"", ""baking soda"", ""salt"", ""eggs"", ""milk"", ""vanilla extract"", ""boiling water"")",258.6,9.1,1.5,30.5,335.2,41.2,1.2,26.8,3.7,""".oven: 350 degrees. Grease pan(s). Combine dry ingredients in large bowl. Add eggs, milk, oil and vanilla. Beat on med. speed for 2 minutes. Stir in boiling water (batter will be thin). Pour into pans. Bake 35-40 minutes or until wooden pick comes out clean. Cool completely before frosting."""
436647,Butter Chicken,270,20,290,"c(""chicken"", ""garam masala"", ""paprika"", ""ground coriander"", ""ginger"", ""chili powder"", ""cinnamon stick"", ""cardamom pods"", ""tomatoes"", ""yoghurt"", ""cornstarch"", ""sugar"", ""lemon juice"")",296.5,20.7,8.1,92.4,80.2,9.0,1.2,4.0,18.6,"c(""Trim fat from chicken and cube."", ""In crockpot first 9 ingredients and cook on low for 4 hours."", ""Combine yoghurt and cornstarch."", ""Turn slow cooker to high and add yoghurt mixture along with remaining ingredients."", ""Cook another 10 min or until sauce has thickened."", ""Serve with steamed rice."")"
437431,Chicken Tandoori,15,15,30,"c(""chicken breasts"", ""salt"", ""fresh ground pepper"", ""garlic"", ""canola oil"", ""plain yogurt"", ""curry powder"", ""tomato paste"", ""water"", ""honey"", ""red pepper flakes"", ""ground ginger"", ""garlic"", ""cilantro leaf"")",371.6,22.9,4.4,46.9,191.2,28.0,2.6,19.9,16.5,"c(""Preheat oven to 400 Rinse the Chicken Breast in cool water and pat dry."", ""degrees."", ""Place in bowl and rub with salt, pepper, garlic and olive oil. Wash and dry hands."", ""In a second bowl, combine remaining ingredients and whisk to a sauce consistency. Add more water or stock as needed. Taste."", ""Pour half of the marinade over chicken breast pieces. Allow at least 5 minutes to absorb flavors. Discard. Reserve remaining marinade for use as dipping sauce."", ""On a parchment-lined sheetpan, place the coated chicken pieces at least one inch apart and roast in oven for 10-15 minutes (or when checked with a thermometer, reads:155-165 degrees)."", 
""When serving place on small plate or saucer, drizzle with marinade from second bowl. Garnish with chopped cilantro."")"
450679,Naan,30,30,60,"c(""bread flour"", ""low-fat plain yogurt"", ""active dry yeast"", ""salt"", ""sugar"", ""sesame seeds"")",566.1,10.6,1.6,0.9,886.4,101.1,4.2,4.6,14.9,"c(""in a large bowl mix flour,yeast,sugar,salt,yogurt and oil.mix it well.add water fo knead."", ""Knead for 6 to 8 minutes on a lightly floured surface, or until smooth. Place dough in a well oiled bowl, cover with a damp cloth, and set aside to rise. Let it rise 1 hour, until the dough has doubled in volume."", ""after one hour knead it again and leave for 30 minutes."", ""Pinch off small handfuls of dough about the size of a golf ball. Roll into balls, and place on a tray. Cover with a cloth, and allow to rise until doubled in size, about 30 minutes."", 
""preheat oven on 260c.and tawa on high flame."", ""now roll thr dough ball with hand not wit rolling pin.wet one and sprinkler sesame seed and put it on tawa.when one side get golden color."", ""then put the naan in oven until golden.and enjoy hot."")"
455459,Kofta,10,15,25,"c(""ground beef"", ""onions"")",350.8,22.9,8.9,102.8,122.5,5.5,0.7,1.7,28.8,"c(""Soak bread with enough water to saturate the whole slice."", ""In a food processor add beef, onions, salt, pepper, and bread until it reaches a paste like consistency."", ""Form a small amount on wooden skewers that have been soaked in water for at least an hour."", ""Cook over a hot grill until cooked."")"
461773,Grilled Salmon,10,30,40,"c(""edamame"", ""garlic cloves"", ""fresh ginger"", ""hoisin sauce"", ""rice wine"", ""canned tomato sauce"", ""brown sugar"", ""brown sugar"", ""carrot"", ""water chestnut"", ""scallions"", ""fresh cilantro"", ""toasted sesame seeds"", ""salmon fillets"")",763.3,17.8,2.7,66.0,1209.0,99.8,6.6,13.9,52.9,"c(""Bring a large pot of water to a boil. Add soba noodles and edamame. Cook for about 7 minutes or until soba is tender. (Soba noodles are very starchy, so stir frequently as they cook.) Drain soba noodles and edamame and rinse in colander under cold water until soba noodles are no longer sticky."", ""For the edamame salad dressing, place garlic and ginger in the work bowl of a food processor; process until minced. Add hoisin, rice wine, tomato sauce, brown sugar, sesame oil, and chile sauce. Process until blended."", 
""Transfer soba noodles and edamame to a large bowl. Add carrot, water chestnuts, scallions, cilantro, and sesame seeds. Pour on dressing and toss gently. Chill in refrigerator for about 3 hours or until cold."", ""Just before serving, preheat grill or broiler to medium. Place salmon, skin-side down, on a grill or foil-lined baking sheet. Cook for 8 to 10 minutes or until translucent. Transfer to a large plate to cool. Slip skin off salmon."", ""To serve, spoon a portion of the soba noodles and edamame salad onto each of 6 plates and arrange a square of grilled salmon on top.""
)"
466894,Saag Paneer,60,5,65,"c(""onion"", ""garlic cloves"", ""fresh ginger"", ""frozen spinach"", ""plain yogurt"", ""buttermilk"", ""red chili powder"", ""garam masala"", ""half-and-half"", ""panir"", ""salt"")",191.5,10.2,5.9,31.5,192.3,18.5,4.6,6.9,10.0,"c(""Grind the onion, garlic, and ginger into a fine paste."", ""In a medium saucepan, combine the paste, spinach, yogurt, buttermilk, chili powder, and garam masala. Simmer at medium heat for 20 to 30 minutes."", ""Mash the ingredients with a potato masher."", ""Add the half and half."", ""Simmer until the mixture has a creamy consistency, 10 to 15 minutes."", ""Add the cheese, simmer 5 minutes."", ""Season with salt."")"
472040,Chocolate Cake,40,5,45,"c(""white sugar"", ""baking soda"", ""salt"", ""xanthan gum"", ""cocoa powder"", ""vanilla"", ""vinegar"")",335.9,13.1,2.0,0.0,404.7,53.6,2.0,25.2,2.7,"c(""Preheat oven to 350 degrees Fahrenheit."", ""Prepare a 9x13 pan."", ""Combine rice flour, sugar or Splenda, baking soda, salt, xanthan gum, and cocoa powder in a bowl."", ""Add oil, vanilla, vinegar, and soda pop, with the soda pop last."", ""Stir (do not whip) until combined."", ""Pour in prepared pan."", ""Bake 35 to 40 minutes or until cake tests done."", ""Frost when cool or dust with powdered sugar if desired."")"
474402,Chocolate Cake,30,30,60,"c(""boiling water"", ""all-purpose flour"", ""baking powder"", ""baking soda"", ""salt"", ""unsalted butter"", ""sugar"", ""eggs"", ""vanilla extract"")",426.8,18.2,10.9,102.7,351.2,63.8,3.1,37.8,6.6,"c(""Preheat oven to 350 degrees Fahrenheit."", ""Grease three 9 inch round cake pans."", ""In a medium bowl combine the boiling water with the cocoa powder; whisk until smooth and cool."", ""Sift together the dry ingredients; flour, baking powder, baking soda, and salt; set aside."", ""In large bowl cream butter and sugar until light and fluffly."", ""Beat in eggs one at time; add vanilla."", ""Add the flour mixture, alternately with the cocoa mixture, to the butter mixture."", ""Spread batter evenly between prepared pans."", 
""Bake for 25 to 30 minutes."")"
480211,Grilled Salmon,10,5,15,"c(""salmon fillets"", ""extra virgin olive oil"", ""honey"", ""salt"", ""pepper"")",658.9,41.0,6.3,146.3,530.0,4.4,0.1,4.3,65.2,"""Rinse fish and pat dry. Combine oil, vinegar, honey, salt and pepper in a small bowl; mix well. Spoon about 1 tablespoons oil and vinegar mixture over each fillet. Place fish on an oiled grill about 4 to 6 inches above medium coals. Cook, turning once, about 8 to 10 minutes or until fish reaches an internal temperature of 150°F and flakes easily when tested with a fork. Drizzle with remaining oil and vinegar mixture."""
485176,Roti,155,35,190,"c(""all-purpose flour"", ""ghee"", ""baking powder"", ""salt"", ""water"", ""ghee"", ""garlic cloves"", ""saffron"", ""cumin seeds"", ""chickpeas"", ""water"")",250.8,5.5,2.9,11.5,414.4,43.2,3.3,0.1,6.8,"c(""FOR THE FILLING:"", ""In a skillet over medium heat, melt ghee. Add garlic and saute 1 minute then add saffron, cumin and saute 1 minute more."", ""Add chickpeas, water and a pinch of salt. Allow all to simmer until water has evaporated. Season with salt and pepper, to taste."", ""Cool and puree in food processor."", ""FOR THE ROTIS:"", ""Sift flour, baking powder, and salt together in a large bowl. Add ghee and enough water until a nice soft dough forms; not too dry. Allow to rest for 10 minutes and cut dough into 8 or 10 parts and form balls. Again, let dough rest for 2 minutes."", 
""Make a well in the center of a ball, put 3 to 4 teaspoons of filling in the whole, and pinch, closing the well. Repeat with rest of the balls. Tuck extra dough under, put on floured board, and roll out into 8 to 10-inch disks. Brush top with melted ghee or vegetable oil."", ""Heat a griddle to a medium heat and brush with ghee or vegetable oil. Cook dough on 1 side for about 2 minutes, brush top with ghee or vegetable oil and flip disk to cook the other side for about 1 minute. Serve warm."", ""TO MAKE GHEE:"", 
""Cut 1 lb unsalted butter into chunks and place in a heavy bottomed saucepan and into a preheated 300 degree F oven for 1 1/2 to 2 hours. Skim foam from top and pour the liquid into a glass jar, leaving behind any milk solids on the bottom of the pot. This is good for 6 months kept in the refrigerator."")"
486879,Ribollita,60,30,90,"c(""olive oil"", ""red onion"", ""carrots"", ""celery"", ""garlic cloves"", ""parsley"", ""tomatoes"", ""potato"", ""cauliflower"", ""zucchini"", ""white beans"", ""cabbage"", ""water"")",264.5,3.1,0.6,0.0,270.4,49.9,7.2,7.5,11.4,"c(""saute onions carrots celery parsley and garlic in large stock pot."", ""add tomatoes and water add rest of veggies cook for 30 minutes  add  bread simmer for 30 minutes more."")"
490310,Butter Chicken,35,15,50,"c(""butter"", ""curry paste"", ""gingerroot"", ""ground cumin"", ""paprika"", ""crushed tomatoes"", ""boneless skinless chicken"", ""plain yogurt"", ""lime juice"", ""lemon juice"")",230.3,8.2,3.6,85.7,352.4,12.9,3.5,1.2,27.5,"c(""Preheat oven to 375 °F (190 °C). Place half of butter in a 13 x 9-inch (33 x 23 cm) glass baking dish. Place in oven for about 3 min or until melted. Swirl to coat dish; set aside."", ""In large deep pot, melt remaining butter over medium-high heat. Cook half of tandoori paste, the ginger, hot pepper, cumin and paprika, stirring, for about 2 min or until fragrant . Add tomatoes; bring to boil. Stir in whipping cream; return to boil. Reduce heat to medium-low; simmer, stirring often, for 10 min or until sauce is thickened."", 
""Meanwhile, in bowl, combine chicken, yogurt and remaining tandoori paste; toss to combine. Spread in single layer in prepared baking dish. Bake in oven for 10 minute Pour tomato sauce over chicken; bake for about 10 min longer or until sauce is bubbling and chicken is no longer pink inside. Sprinkle with fresh coriander and lime juice."")"
490873,Butter Chicken,30,60,90,"c(""boneless skinless chicken breasts"", ""olive oil"", ""garam masala"", ""tandoori masala"", ""butter"", ""onion"", ""diced tomatoes"", ""roasted cashews"", ""water"", ""cilantro"")",462.0,26.5,9.6,139.8,376.2,16.4,3.4,7.3,40.9,"c(""Cut chicken into 1 inch cubes."", ""In a bowl combine chicken, olive oil, 3 tsp garam masala and 3 tsp tandoori masala. Refrigereate, covered, for at least 1 hour to let flavours develop. Can also sit overnight."", ""in a large saucepan, heat butter over medium heat, add onion and cook until soft. Add remaining 1 tsp garam masala and 1 tsp tandoori masala. Cook for 1 minute."", ""Add chicken, cook, stirring for about three minutes. Add tomatoes incl juices."", ""Reduce heat to low and, cover and simmer for 30 minute Stirring occasionally."", 
""Meanwhile, in a small saucepan combine cashews and water, bring to a boil. Reduce heat to low and let simmer for 10 minute"", ""Drain half the water and blend remaining water with cashews until oureed."", ""Add pureed cashews to chicken and let simmer for 5 minute Stir in cream and cilantro."", ""Serve with basmati rice."")"
496862,Butter Chicken,80,240,320,"c(""fresh ginger"", ""garlic cloves"", ""plain yogurt"", ""cayenne pepper"", ""ground cloves"", ""ground cinnamon"", ""garam masala"", ""green cardamom pods"", ""tomato sauce"", ""boneless skinless chicken thighs"", ""ghee"", ""yellow onion"", ""cilantro leaf"", ""heavy cream"")",484.0,30.4,12.6,207.0,535.5,10.8,2.8,5.8,42.6,"c(""Place the ginger, garlic, and almonds into a food processor and turn into a paste. Blend paste with yogurt, spices, and tomato sauce in a bowl. Add chicken pieces and let marinate in sauce for four hours, or overnight."", ""Preheat oven to 350°. Heat ghee in a deep, heavy-bottomed frying pan over medium heat. Add onion and fry for 10 minutes, until softened and brown. Remove onions to a dutch oven. Fry chicken pieces in batches for 5 minutes to brown a bit. Add to dutch oven. Deglaze frying pan with cream, let set for one minute, and then add to dutch oven with chicken and remainder of marinade. Put lid on dutch oven."", 
""Bake for 1 hour. Remove from oven and spoon off some of the excess oil."", ""Optional: Remove lid on dutch oven and switch to low broiler. Allow chicken to brown for 5-10 minutes."")"
511917,Samosa,30,40,70,"c(""all-purpose flour"", ""salt"", ""baking soda"", ""potatoes"", ""cumin seed"", ""garam masala"", ""coriander powder"", ""red chili powder"", ""coriander leaves"")",291.1,14.2,1.8,0.0,55.0,38.1,4.9,1.7,4.7,"c(""1)Mix flour+salt+baking soda+oil altogether properly."", ""2)Add warm water to this mixture for making a soft dough."", ""3)Keep dough aside for few hours."", ""1)half boil potatoes."", ""2)take them out cut them into small pieces."", ""3)Pour oil in the kadai."", ""4)saute cumin seeds,corriander powder,garam masala,mirch powder5)put potato into this and allow it to fry for around 15-20 min6)After cook it properly add coriander leaves to it."", ""Ready to fill."", ""1)make a small balls from dough and shape them into small puri /circle shapes."", 
""2)Cut each circle in half."", ""3)Spread the paste lightly all along the edge of one semicircle. Pick this semicircle up with both hands and fold it into a cone shape. Pinch the side of this cone so that it is completely sealed."", ""4)Fill the cone with 3 tablespoons of filling. Press this filling down with your fingers. Now close the top of this cone into a triangle shape, pinching the top edge so that it is completely sealed.5)Continue filling the rest of the samosas.6)Heat about 1-1/2 inch of the oil in a frying pan on medium heat. To check if oil is hot enough place a small piece of dough in oil and dough should sizzle and come to the surface slowly.7)Place the samosas in the frying pan a few at a time."", 
""After samosas are floating on top of the oil turn them slowly. 8)Fry the samosas until the samosas turn a light golden-brown color on all sides."")"
519855,Chocolate Cake,5,5,10,"c(""self raising flour"", ""sugar"", ""cocoa powder"", ""egg"", ""milk"", ""butter"", ""chocolate chips"")",147.7,9.8,5.8,56.8,80.6,14.1,1.1,7.4,2.9,"c(""Into a large coffee mug, add flour, sugar, cocoa, egg, milk, butter and choc chips. Mix well until you have a smooth batter."", ""Place in microwave for 5 minutes."", ""Serve hot or cold with cream if desired."")"
522504,Spaghetti,15,5,20,"c(""spaghetti noodles"", ""ground beef"", ""dried thyme"", ""oregano"", ""pepper"", ""tomato sauce"", ""tomato paste"")",873.2,21.6,7.2,77.1,1638.8,128.0,12.2,29.9,43.4,"c(""fill a large sauce pan 3/4 full with water and bring to a rolling boil. Break the dried spaghetti noodle in half and place in the boiling water. frequently stir the noodles to keep them from sticking. Noodles should be done in 12 minutes."", ""In a large frying pan brown the ground beef seasoned with 1 tablespoon of the garlic salt and 1 teaspoon of pepper."", ""Once meat has browned, pour in the Prego and fortify it with the tomato soup, tomato sauce, and tomato paste."", ""Season the sauce with the Oregano, Garlic Salt, and Thyme."", 
""Bring Sauce to a boil then let it simmer over low heat."", ""Drain Spaghetti noodles and hold aside."", ""I like to place a serving of the noodles on a plate and ladle the sauce over the top and serve with a slice of garlic bread."")"
528345,Ribollita,180,40,220,"c(""extra virgin olive oil"", ""onion"", ""leek"", ""carrots"", ""celery"", ""garlic cloves"", ""green cabbage"", ""Brussels sprouts"", ""savoy cabbage"", ""swiss chard"", ""plum tomatoes"", ""dry white bean"", ""salt"", ""water"", ""potatoes"", ""zucchini"", ""fresh rosemary"", ""fresh oregano"", ""crushed red pepper flakes"")",326.5,18.6,2.6,0.0,173.4,32.6,8.7,5.9,10.5,"c(""Put the oil, onions, leek, carrots, and celery into the bottom of a heavy soup pot. Turn the heat to medium-high and sauté until the vegetables begin turning gold. Add the garlic and sauté a minute more."", ""Add all of the greens, the tomatoes, the beans, and the salt. Cook and wilt the mixture for a few minutes, up to ten."", ""Add liquid to cover. Bring to the simmer, and cook, with the lid on, if desired, very gently, for about 1 1/2 hours."", ""Add the remaining ingredients, except for the bread. Add more liquid if necessary, and cook gently for another 45 minutes to an hour. Taste and correct for salt and pepper."", 
""When ready to serve, lay slices of bread, or toasted bread in each bowl and pour servings of soup over."", ""This soup may sit several hours before being served at room temperature, or rewarmed.  It may also be kept overnight, before being reheated the next day, to develop more flavor."")"
528365,Ribollita,120,30,150,"c(""dried great northern beans"", ""salt water"", ""extra virgin olive oil"", ""onions"", ""leek"", ""celery ribs"", ""carrots"", ""garlic cloves"", ""green cabbage"", ""chicken broth"", ""tomato sauce"", ""bay leaf"", ""red pepper flakes"", ""fresh rosemary"", ""thyme"", ""dried oregano"", ""pepper"", ""salt"", ""swiss chard"", ""potatoes"", ""zucchini"", ""baguette"", ""garlic clove"", ""extra virgin olive oil"")",926.0,23.0,3.9,0.0,1550.9,148.5,18.3,16.8,35.4,"c(""Put beans into a mixing bowl."", ""Boil 6-8 cups water and add a liberal quantity of salt (about 1 tablespoon). Pour entirely over beans and rest, aside, for forty minutes or more."", ""Heat olive oil and onion on low heat in a good soup pot."", ""Prepare leek by pulling off dark green and chopping the pale. Wash leek well, it is okay to dry on paper, but not required."", ""Add to the pot, increase the heat to medium or medium high, and stir until the bottom starts to brown. Add celery and carrots."", 
""Cook until there is a rather dark fond. Add the cabbage and the garlic."", ""The cabbage is prepared by pulling off six or seven of the outer leaves, quartering, coring well, slicing each quarter into two, and slicing finely."", ""Cook until the cabbage wilts, scraping up the darkened bits on the bottom of the soup pot."", ""Add a little of the bean soaking water, or a little of the stock, to deglaze."", ""Pour in all the beans with their liquid (there will not be too much salt), and the chicken broth."", 
""If, for some reason the soup is not covered, add more water.  Add the sauce."", ""Season with the herbs, and cook covered or uncovered at a gentle boil, for about an hour and a half, taste periodically, if the beans are done to your liking, add the remaining ingredients (I like to take the bay leaf out), and cook, stirring often, until the chard wilts, and the potatoes are tender. The beans will not overcook, do not worry."", ""Taste and correct for salt and pepper, the soup will be very hot, it is a good idea to let it settle for 20 minutes, it will still be quite hot."", 
""In the meanwhile, preheat the broiler."", ""Place the bread slices on a sheet and bake on each side until darkened."", ""Remove, rub with peeled garlic if desired, drizzle with a few tablespoons oil. Put two, or three slices in each bowl and ladle soup over, enjoy."")"
535737,Ribollita,105,30,135,"c(""cabbage"", ""extra virgin olive oil"", ""basil"", ""garlic"", ""onion"", ""celery ribs"", ""potatoes"", ""stewed tomatoes"", ""cannellini beans"", ""zucchini"")",162.0,7.3,1.1,0.0,235.5,21.4,5.6,5.8,4.6,"c(""mix together and blend."", ""cook."")"
536723,Naan,10,120,130,"c(""sugar"", ""water"", ""flour"", ""salt"", ""olive oil"", ""yogurt"", ""egg"")",444.6,16.3,2.8,49.1,321.6,62.5,2.6,2.3,11.2,"c(""Combine in a small bowl: yeast sugar & water."", ""Wait till frothy. Combine: oil yogurt & egg."", ""Combine in separate large bowl: 1 cup flour & salt."", ""Pour small bowl into large. Continue adding four, 1/2 cup at a time."", ""Turn bowl out onto lightly four surface & knead for 3 minutes."", ""Add flour as required to keep from sticky."", ""Put dough back in bowl, cover f place in warm spot to rise for 1 hour. (My oven has ‘proof’ feature)."", ""Turn dough out. Cut into 8 equal pieces."", ""roll piece out, 1/4 inch thick & 6 inches diameter."", 
""place on med. heat skillet till bottom is golden brown & bubbles appear. Flip cook other side till golden brown."")"
